City,CarCost_EUR_per_month
Amsterdam Centraal,357.7680715274249
Rotterdam Centraal,221.94186838673818
Den Haag Centraal,207.1175336227897
Utrecht Centraal,372.74303004291846
Eindhoven Centraal,521.030034334764
Tilburg Centraal,429.9318197424892
Almere Centrum,410.89671244635196
Groningen Centraal,831.1849699570816
Breda Centraal,326.72975107296134
Nijmegen Centraal,517.5874821206438
Leeuwarden Centraal,700.6491387730043
Maastricht Centraal,844.0642775360083
